filename, object
treino-306-_jpg.rf.a11ad54ec4427a74a395fc196a51e828.jpg, 1
treino-137-_jpg.rf.a309fae921d6c0d5c23c68f717ad043d.jpg, 1
treino-406-_jpg.rf.a7a82d87712949e929f8a6ebbb077cbb.jpg, 1
treino-496-_jpg.rf.a86f0af22b517e5c979c90391cb92e4c.jpg, 1
treino-212-_jpg.rf.a1e5c9841abf78711e9b56651519dd6b.jpg, 1
treino-286-_jpg.rf.a5d5bee90b2d39c7c37d110f6a4c2ec8.jpg, 1
treino-134-_jpg.rf.a6c27481c80d40d88bbe89659402dd30.jpg, 1
treino-416-_jpg.rf.ad63f4460a7f7ab3f3ae7fec7e767606.jpg, 1
treino-191-_jpg.rf.adb74d5c6fb365b55d10b819a4967570.jpg, 1
treino-331-_jpg.rf.a7cbc54668aa657a2742a0cab7867477.jpg, 1
treino-467-_jpg.rf.ab8a265b914e84b2e2492757f97e93af.jpg, 1
treino-427-_jpg.rf.a3c174b7b2c595f13eedaec6cbe6ca92.jpg, 1
treino-334-_jpg.rf.af5f73e62414b3bb327b8f7cf2fd93a2.jpg, 1
treino-340-_jpg.rf.a3199898e220b3975063b0fbc7bd08d2.jpg, 1
treino-213-_jpg.rf.ab5f4090cc2f085e2551a4d8ae8f3ebc.jpg, 1
treino-351-_jpg.rf.afb0cf851de5f2b35ff60c45e67c0524.jpg, 1
treino-374-_jpg.rf.a9cbdbc06e5de022312b23fe0095bb13.jpg, 1
treino-397-_jpg.rf.a6b05b5f0fccc11009638f21814ee527.jpg, 1
treino-180-_jpg.rf.b003019dbbfdf13f0f564c2b99590375.jpg, 1
treino-166-_jpg.rf.b0762f4a0e38132692c60bad08c7a2be.jpg, 1
treino-268-_jpg.rf.ae5a5795e87de0fb3c90c9582c06f434.jpg, 1
treino-466-_jpg.rf.ac32b3e6b48555976d9b6c65e71b0f07.jpg, 1
treino-456-_jpg.rf.a050bf08a23ef2a2fff7bed375392d75.jpg, 1
treino-225-_jpg.rf.a78839e478863b33bed5dbbc28e2e240.jpg, 1
treino-360-_jpg.rf.a81d5e6f9421933dd5e21b288ab83527.jpg, 1
treino-372-_jpg.rf.b12957c6218c320d2c458357a2fea138.jpg, 1
treino-115-_jpg.rf.b1ee4a0e80ab72e8efe1864dd542ef2c.jpg, 1
treino-165-_jpg.rf.b58603a0d4479ae6ced3300221da7c43.jpg, 1
treino-461-_jpg.rf.b78e85bdafa81deb408b03e6c80f7b96.jpg, 1
treino-153-_jpg.rf.b6706c8d07da68c6078d6d6a175b8f8f.jpg, 1
treino-101-_jpg.rf.bb20ba2b608bb4435450f9cc5c5ae375.jpg, 1
treino-301-_jpg.rf.b2d277c4aabfcd1e89312ec62e1bf085.jpg, 1
treino-161-_jpg.rf.b8e576973b34f5111b5689c31771c37c.jpg, 1
treino-245-_jpg.rf.b60750904f9fc39cf052e9f695ad2a8f.jpg, 1
treino-184-_jpg.rf.b530555487756921cb55c78f8736c484.jpg, 1
treino-111-_jpg.rf.b9c844f98c28611f7b5f74b8956717ba.jpg, 1
treino-314-_jpg.rf.b12d59237ff2a08e224b921e28bb5841.jpg, 1
treino-160-_jpg.rf.bba5b4426b3c4c1205e1f4b7477b961f.jpg, 1
treino-424-_jpg.rf.badd90a10243fb6dd7a20d5889447f12.jpg, 1
treino-217-_jpg.rf.b1c2edc695d612f5fbca1529aed5b2bc.jpg, 1
treino-321-_jpg.rf.bcc61723a23616d3969624aed78e9348.jpg, 1
treino-216-_jpg.rf.b6cc2a15cb6809c665cc36914374d6c2.jpg, 1
treino-343-_jpg.rf.b17d5c64f529377b31c527c8a2feef7e.jpg, 1
treino-241-_jpg.rf.bd6614c2e8b6a5ad456ff9a221f522d2.jpg, 1
treino-185-_jpg.rf.b7ce23c904ed21f0e90ab69c986e30e1.jpg, 1
treino-337-_jpg.rf.bc6375df7f334961e5c6527d6fed750e.jpg, 1
treino-253-_jpg.rf.bd964c95cac8f139401cef0b9d4b0dbe.jpg, 1
treino-224-_jpg.rf.b6a49663518d52e9eec1e6ad56289b42.jpg, 1
treino-127-_jpg.rf.bec3d7d16901ff09b7e46f195ba33d84.jpg, 1
treino-263-_jpg.rf.be2bf8e675d9520ed1c92d969b8b5288.jpg, 1
treino-223-_jpg.rf.b603fc23896ec3f4f300baa787d154e1.jpg, 1
treino-194-_jpg.rf.c12b2a4364b1510f32513b2795036152.jpg, 1
treino-171-_jpg.rf.c68fa9b8cc2bf6a25427608710bf1445.jpg, 1
treino-292-_jpg.rf.c51feb6bf0be39af6b4d13fe1e240360.jpg, 1
treino-382-_jpg.rf.bc29d7399362718948c4aa2e2d6690de.jpg, 1
treino-304-_jpg.rf.c7650261497181dc9f9cfcc916e2eff1.jpg, 1
treino-103-_jpg.rf.cacebdce04166c3a821f5efe1fea1be4.jpg, 1
treino-230-_jpg.rf.c5cfa39c7fc8db2d0f4ac784777f2092.jpg, 1
treino-164-_jpg.rf.c87ee5969fd1fe393a6aa513522ac4e0.jpg, 1
treino-229-_jpg.rf.cac364a7a90e8a321d40f2d998988d48.jpg, 1
treino-394-_jpg.rf.d0c03535b078182c6377e6b251fdd210.jpg, 1
treino-281-_jpg.rf.c6b709dd388eaf791d4a0a7125111acc.jpg, 1
treino-480-_jpg.rf.c32289eb985b76090f4a931a377652ae.jpg, 1
treino-256-_jpg.rf.c7fb048cd80d83d7526a639eb93a8598.jpg, 1
treino-362-_jpg.rf.c68f24d4a3be624afd9ebb81f90bbbfe.jpg, 1
treino-271-_jpg.rf.ceb81d2407ea79154db608dba4899310.jpg, 1
treino-125-_jpg.rf.d01e7e0c1afcc98e225c4f10491ce61a.jpg, 1
treino-463-_jpg.rf.d01730e6d578122a7362c41927d7d41b.jpg, 1
treino-141-_jpg.rf.cb438928314b981e539bb4dab4d37b76.jpg, 1
treino-240-_jpg.rf.d12a551bec2633f852b7d073ba0c6eea.jpg, 1
treino-448-_jpg.rf.c934b525dd052f14fe69153c67d717df.jpg, 1
treino-259-_jpg.rf.dc205d479901183607ae421f71a5a31a.jpg, 1
treino-420-_jpg.rf.d31ccbfad5a47c7c1722de9d9bce1a95.jpg, 1
treino-204-_jpg.rf.d92cbe7d9bc94bd63b8852ad2bf15043.jpg, 1
treino-500-_jpg.rf.d226c41c3f1c84360bc233ddd573ff77.jpg, 1
treino-390-_jpg.rf.dc49fc7d417c62aca361f42c52331aae.jpg, 1
treino-384-_jpg.rf.da0ad3b9da6fad6cf9f1c1016cbbfa0d.jpg, 1
treino-454-_jpg.rf.d938c57c45cd52260c41e4da1fc63bf5.jpg, 1
treino-209-_jpg.rf.cd635d0f5c53767c44e941d1422ca2ab.jpg, 1
treino-250-_jpg.rf.d5867b36fbf9c57c2f73528ab89c53b2.jpg, 1
treino-377-_jpg.rf.da84e356f0707acfef3fe59e18b397fe.jpg, 1
treino-147-_jpg.rf.ce387d360a8f99029c8058e4425da8ad.jpg, 1
treino-173-_jpg.rf.dc6aee55317f14d2ec04c19c22d0e9c6.jpg, 1
treino-488-_jpg.rf.d371aa805f9cdce79680eab15db06924.jpg, 1
treino-273-_jpg.rf.d86668e71cc2b8376665ecae32f138c0.jpg, 1
treino-248-_jpg.rf.d798a55a2b70234b09c43d92acb1aae8.jpg, 1
treino-352-_jpg.rf.d6c16d855d07c427f1c4aef1b7935c15.jpg, 1
treino-238-_jpg.rf.ddd02cb2f9b3288d68334f21ccb2bad6.jpg, 1
treino-285-_jpg.rf.c7e8eebb765e3e8a13c4e08d9bdce185.jpg, 1
treino-162-_jpg.rf.d4245bdca0f774c1a776402b46142e97.jpg, 1
treino-423-_jpg.rf.d8d680c2753af80524e7e324ab6e20c7.jpg, 1
treino-491-_jpg.rf.dab6aeb424dbbb50019bf8dedc145db0.jpg, 1
treino-214-_jpg.rf.e009e1ea60cc1a2af0116509e357a78c.jpg, 1
treino-237-_jpg.rf.cf131c8fe1f2208796b5d0ab698e8b07.jpg, 1
treino-296-_jpg.rf.e18b3ec2a95fd63195a1044ebaa79cab.jpg, 1
treino-431-_jpg.rf.c9df46555f248409ae332ff34116adb2.jpg, 1
treino-124-_jpg.rf.de69817a7fccbbf4cae5bcd1449c9778.jpg, 1
treino-446-_jpg.rf.e1ba0afc34fa9b346a3e1bd4d1ccc368.jpg, 1
treino-499-_jpg.rf.df4970d7695a92825eee2d7f15e55e5a.jpg, 1
treino-430-_jpg.rf.e333965cecc88e0fca2c9522e04aa3c0.jpg, 1
treino-235-_jpg.rf.e1bb935c2ec4a623831540292e7d7cbd.jpg, 1
treino-422-_jpg.rf.e162dc941d2d14d5ed2b2361037bf140.jpg, 1
treino-254-_jpg.rf.e6a14962b0fe37bf1a1f3a5cf2208e92.jpg, 1
treino-357-_jpg.rf.e8b443c70f8251199e56dbe57481e65f.jpg, 1
treino-494-_jpg.rf.e57f1dce26669a2baa290a89b9a854ad.jpg, 1
treino-193-_jpg.rf.e97a7241531c260df4058157c4eb275e.jpg, 1
treino-460-_jpg.rf.e4e414626e80b65f0d586bbf24d7d1ac.jpg, 1
treino-421-_jpg.rf.e78ab3fd491f18084d81ce0f28507960.jpg, 1
treino-417-_jpg.rf.eac21c4b95a1826bc1cf2f58401cc925.jpg, 1
treino-418-_jpg.rf.e42861a9f74f30202bab4cd6f9e6ba16.jpg, 1
treino-143-_jpg.rf.e3fc00acb3f5facbb2eb61ec14bc256b.jpg, 1
treino-279-_jpg.rf.e4d1f6aa187904de2b782a82ee020f63.jpg, 1
treino-470-_jpg.rf.eca1ed401f11705b5a554e4b33131c21.jpg, 1
treino-450-_jpg.rf.eed2b697696808ecc521f651d8843111.jpg, 1
treino-287-_jpg.rf.ed5f585ad90ff1cb1e872ef04a80509d.jpg, 1
treino-316-_jpg.rf.e7b48e7b1865a05487abcfa42402a007.jpg, 1
treino-291-_jpg.rf.e9e5448dcb1b3136f8122cace65bed73.jpg, 1
treino-376-_jpg.rf.e3f4e1a98e39b79155a5ce8ba1e21768.jpg, 1
treino-408-_jpg.rf.e7c6589ea01d14773f8ff67168cdcaf4.jpg, 1
treino-464-_jpg.rf.e316b9eb991f11b48971dfb95bb48b6e.jpg, 1
treino-207-_jpg.rf.ed7bb3cc3b586a264b6ec38b6f57ffd0.jpg, 1
treino-226-_jpg.rf.efdf817ece17d591d36a47fbc5cee20c.jpg, 1
treino-187-_jpg.rf.e9a4d696d16424404c536f6a48957cb7.jpg, 1
treino-260-_jpg.rf.f01a4a063fb1ba88d209c034838a4400.jpg, 1
treino-497-_jpg.rf.f0cd4b088bc9fef62ecca79fb448c49a.jpg, 1
treino-150-_jpg.rf.f06cc7ac537589d57a91c99f773bdc63.jpg, 1
treino-121-_jpg.rf.f243630c14349ed3de39cb430fb49a34.jpg, 1
treino-181-_jpg.rf.f93dcfb7fac76a25a87605b8cd6d5ddf.jpg, 1
treino-368-_jpg.rf.f50298607bbfb215fc6b3ab8da5a5c5c.jpg, 1
treino-110-_jpg.rf.f3d267d33ca0d5a1984dfdd49e5f6f70.jpg, 1
treino-487-_jpg.rf.f9484e17aab0eae0c13495f57932f92b.jpg, 1
treino-396-_jpg.rf.f72ebc3239d8b337383b7607d3eafb9b.jpg, 1
treino-215-_jpg.rf.f3ed683ad8c7d9102b5be74ea92a3832.jpg, 1
treino-319-_jpg.rf.f03f43cca4cdd97ea2ac28467e80112f.jpg, 1
treino-294-_jpg.rf.fb6fb137bd3a48740949109acdec55aa.jpg, 1
treino-395-_jpg.rf.f13e66a265804987667a655d0e3c5ed3.jpg, 1
treino-178-_jpg.rf.f13eb7a0b44ab4ba8b5d0107774b9e6f.jpg, 1
treino-370-_jpg.rf.fc6df1e832ce33f10e6d7685e40ce3f3.jpg, 1
treino-108-_jpg.rf.f24748f151051b05ac15a1d0c41c41e8.jpg, 1
treino-140-_jpg.rf.ff15787b41906698abe2d1fb89688550.jpg, 1
treino-196-_jpg.rf.f98185ce7fff3408904033b0ba954339.jpg, 1
treino-219-_jpg.rf.fb9611a62d7ea0ed179bc0a21471f65c.jpg, 1
treino-350-_jpg.rf.eeb007fc13218a835ece673bd6b4dd9d.jpg, 1
treino-220-_jpg.rf.fc2779f07582434aac31c7da007f16b0.jpg, 1
treino-338-_jpg.rf.fcb82fa0e5d4b83b6d9bfa13e6a11ab6.jpg, 1
treino-428-_jpg.rf.fc2af4a3a0845d978b81be81a62aae93.jpg, 1
treino-318-_jpg.rf.ff7a88e74a67ff6ba22974d75a8b4d81.jpg, 1
treino-366-_jpg.rf.fe43c59a5d1236c7d3656ea526493725.jpg, 1
treino-298-_jpg.rf.ff9cbd14938a65c49ed3d43346d93c6c.jpg, 1
treino-289-_jpg.rf.fca86b88e6e4cd90d37487f8d67bee7d.jpg, 1
treino-326-_jpg.rf.fbcfb45be2f8a14965178d2453380699.jpg, 1
treino-449-_jpg.rf.050eec7bf267d1836e416aac9c89d975.jpg, 1
treino-130-_jpg.rf.0a95b15cd4e23d10509bfb361ebe6b99.jpg, 1
treino-369-_jpg.rf.072212a83da96af29d05b4c5aca0841a.jpg, 1
treino-303-_jpg.rf.0911488d79879ef372ee219631327014.jpg, 1
treino-473-_jpg.rf.11efb83cddd6d1634e890d6681c37aa1.jpg, 1
treino-451-_jpg.rf.0050d6707643d57f0846ed1b1627f715.jpg, 1
treino-105-_jpg.rf.12e333423944db38c12b1cbcb284f53d.jpg, 1
treino-132-_jpg.rf.0e30dd6f4ce1f870dee664ac572e2c37.jpg, 1
treino-262-_jpg.rf.01a5b61879abfb4937d75d46d1bd4c9e.jpg, 1
treino-489-_jpg.rf.124b60132ea9aa68f937a696d22046bc.jpg, 1
treino-313-_jpg.rf.0754d18953ab128cf0c515654f4c74fa.jpg, 1
treino-168-_jpg.rf.0e839ae26fed33dc8e8f148a278d4cfe.jpg, 1
treino-330-_jpg.rf.11dd5350c5983ee72e9644a51aca1fc3.jpg, 1
treino-328-_jpg.rf.0ca11df35e24651c7d86097b33d5d41d.jpg, 1
treino-393-_jpg.rf.0e6ff93250d2a0bc5d85340e74180d0e.jpg, 1
treino-118-_jpg.rf.0bffd47e7ac9cee063a21392f3657325.jpg, 1
treino-203-_jpg.rf.0389afd97534eda3ca17b29065f62fe9.jpg, 1
treino-309-_jpg.rf.0f453822e610c26413603986badf3e76.jpg, 1
treino-373-_jpg.rf.0133394a6d46dbe245acecda563f0fed.jpg, 1
treino-243-_jpg.rf.12bbd53eabf57c68bb1a361e49b31c9c.jpg, 1
treino-440-_jpg.rf.0d9e3f4bb3771d46111fcdc1a05fb747.jpg, 1
treino-157-_jpg.rf.0f8f42476acdefbfbc217a125385cd76.jpg, 1
treino-355-_jpg.rf.11be7e328ebdfdeda5b95983abc0a2e3.jpg, 1
treino-169-_jpg.rf.0add3a721f138d145762ccf30b0e1e91.jpg, 1
treino-459-_jpg.rf.1a7f7d84614e88898d9807dff20b8da9.jpg, 1
treino-403-_jpg.rf.1eee67b6a424071450827a141f28f76b.jpg, 1
treino-391-_jpg.rf.18953faae09dd688acb5d98a1b11f0c1.jpg, 1
treino-112-_jpg.rf.17ff4c03d8a50f54e0af96a99313cc68.jpg, 1
treino-300-_jpg.rf.206243eb95a948b32dd45456a33536fc.jpg, 1
treino-475-_jpg.rf.211bad2b75002912191be89e2abceb1d.jpg, 1
treino-455-_jpg.rf.1dda864381de237b3df4266beaa00900.jpg, 1
treino-156-_jpg.rf.16f2f9f49d24bd1db6a390815e6cd3ff.jpg, 1
treino-257-_jpg.rf.213653c793c956b7f0420a9f9d411a37.jpg, 1
treino-138-_jpg.rf.20c484d16072c07bce1348d5ab3487fb.jpg, 1
treino-146-_jpg.rf.1598e3320c6dacfbf43ddf1d726aba74.jpg, 1
treino-188-_jpg.rf.194c553bbfa0c178b376c6b647e315ad.jpg, 1
treino-344-_jpg.rf.16707c4eb33f34f9994a5b1c4c4a6632.jpg, 1
treino-411-_jpg.rf.1bcbb4d8065359b56f387016148ffe71.jpg, 1
treino-234-_jpg.rf.1c9ed003239b02340c43ed49771f56bb.jpg, 1
treino-380-_jpg.rf.190cd322a836a5fae160412c0a60d59c.jpg, 1
treino-322-_jpg.rf.241b913beb053d8d41d9cfb5e7c4bcf1.jpg, 1
treino-432-_jpg.rf.220028b44219880a620d8a6fb6c97a85.jpg, 1
treino-433-_jpg.rf.231f4b09f274ac4644258f9a162dd1f5.jpg, 1
treino-383-_jpg.rf.1e745f4424ec88c0ef2e3e65e85a4f71.jpg, 1
treino-413-_jpg.rf.1e8c49703ef92aa92bb605a7f280c576.jpg, 1
treino-144-_jpg.rf.1e8e6da9cf93809d70b6608a446aff1c.jpg, 1
treino-119-_jpg.rf.1ef8d6d7475562edd43befacebe0dcbd.jpg, 1
treino-471-_jpg.rf.2437ce5e723836d80dc2056eb1f15976.jpg, 1
treino-270-_jpg.rf.23ba8ca7efbbd18ae3ed8b3c889e20d6.jpg, 1
treino-402-_jpg.rf.1a3cdfe801b175106448c1056d1e3dd1.jpg, 1
treino-175-_jpg.rf.254476b06c08f2181cda6e329f1b426d.jpg, 1
treino-359-_jpg.rf.251a9b554a0ba2ba3f059971e3f6277c.jpg, 1
treino-264-_jpg.rf.2500a940cc4794cfe5212c2a1ce11295.jpg, 1
treino-152-_jpg.rf.256b65ba6e48f2b8ce8217d52d0891c5.jpg, 1
treino-200-_jpg.rf.2e1df5a3964d2566990ae202c161d20c.jpg, 1
treino-145-_jpg.rf.2b56550eee7e35fb482be71661040925.jpg, 1
treino-299-_jpg.rf.3181aff11f6387c483d5bca3b32082fa.jpg, 1
treino-490-_jpg.rf.2aa074a93131da6271d9665b6eb3a49f.jpg, 1
treino-398-_jpg.rf.29fb188ee54ebcb9af607b401212420c.jpg, 1
treino-280-_jpg.rf.25d7a64ac7a23b86b8bf4cd1fd186b86.jpg, 1
treino-210-_jpg.rf.2d4cc28885dc383c48ce569dfd254952.jpg, 1
treino-371-_jpg.rf.33c33053b412f9997388ac532b3ace67.jpg, 1
treino-474-_jpg.rf.31395c1794d14d96054e78094bfa2937.jpg, 1
treino-218-_jpg.rf.2af21e940bed6375f7fc97f1c0dd036b.jpg, 1
treino-407-_jpg.rf.2991a6c670272199c5aab53adf70e326.jpg, 1
treino-186-_jpg.rf.34e19fd41600b7e7c4e55c16c08ddb20.jpg, 1
treino-476-_jpg.rf.2e268864ce3ed784f6a835db4e675da9.jpg, 1
treino-329-_jpg.rf.2c36151a1a0400a53aae98cd88b887c2.jpg, 1
treino-410-_jpg.rf.3332fb651917019c542c0230c9bbc544.jpg, 1
treino-170-_jpg.rf.310ad0adf0d418ced65eeb8350d06ad7.jpg, 1
treino-361-_jpg.rf.341b91950e1bfc2c3f123f04eb30767d.jpg, 1
treino-107-_jpg.rf.2b6e7db20d66a69fcb1321e00307e63c.jpg, 1
treino-477-_jpg.rf.29df53bea5978a439d73f2d75bb5c052.jpg, 1
treino-458-_jpg.rf.364fc4dd9246b05d9ad211a90bf3115f.jpg, 1
treino-102-_jpg.rf.36f12aa75f09866d09020c2f8db83b08.jpg, 1
treino-106-_jpg.rf.2fe819abd039141680022b948dc45439.jpg, 1
treino-498-_jpg.rf.32c8e89bb87024793f67546c9a0e672a.jpg, 1
treino-401-_jpg.rf.30b8d9bc37e1541f5da989874f96fbcd.jpg, 1
treino-388-_jpg.rf.37ef58e8711492e09dbde844ccd5341b.jpg, 1
treino-341-_jpg.rf.39796da4fc89fe69688111a78872d5f2.jpg, 1
treino-236-_jpg.rf.3902378f75964486a1952e175f11493c.jpg, 1
treino-348-_jpg.rf.40140b172fb1433a6dadf6790418d8e3.jpg, 1
treino-386-_jpg.rf.38f4127a0c813024dfa7029618e27f2f.jpg, 1
treino-492-_jpg.rf.3aefb6576641df05ee7ef0333a4f7dff.jpg, 1
treino-317-_jpg.rf.3fe3e17d7a60cf7fe43f4997849c7c24.jpg, 1
treino-311-_jpg.rf.3802f5cc4232dfb914f329695e7db21c.jpg, 1
treino-320-_jpg.rf.38e34c8780ab2386b27bc559719cb3f9.jpg, 1
treino-327-_jpg.rf.3e18c5aa449666f62f091f7e193563d7.jpg, 1
treino-345-_jpg.rf.4243064b1e9ef29426f328695e42687e.jpg, 1
treino-282-_jpg.rf.4296580c09e52920d2c5b7673f6ae740.jpg, 1
treino-399-_jpg.rf.3c311f83a1ad8669974483fa1ebb0434.jpg, 1
treino-288-_jpg.rf.417a389004ee955b5ae1f53aa1cc8ab6.jpg, 1
treino-378-_jpg.rf.3d3b29ad8da476813ddafac6aab378e1.jpg, 1
treino-414-_jpg.rf.44a173841651c052fa5aa7b77d2fd4d3.jpg, 1
treino-354-_jpg.rf.3eb66a06d4cb9792161858cf26624267.jpg, 1
treino-308-_jpg.rf.38ac7c696e5ba9cb4eeb6de7d209e17e.jpg, 1
treino-139-_jpg.rf.4417533a2cc1681bbf7dc03c93237080.jpg, 1
treino-465-_jpg.rf.37974ab507d9e3be2301b03ce10bad27.jpg, 1
treino-312-_jpg.rf.3b3042dd9f3c9172f1a1326a537414a3.jpg, 1
treino-438-_jpg.rf.397ab99b40848fc25261be828d5b25fb.jpg, 1
treino-269-_jpg.rf.43c4031ba14db91e561434efac17b977.jpg, 1
treino-205-_jpg.rf.453e3553b87ae24d26044bfcaa3e658c.jpg, 1
treino-258-_jpg.rf.44c62f8bc997239086a7ffad295389d2.jpg, 1
treino-437-_jpg.rf.4492ba60d9a6a3548a71637fe68d18b9.jpg, 1
treino-495-_jpg.rf.46d6f44f958f0445b51a8ad064a5f0ee.jpg, 1
treino-275-_jpg.rf.48f5c7b44637b111617445e7000065c6.jpg, 1
treino-252-_jpg.rf.499914b263c32219fbbf5ae10523d3f6.jpg, 1
treino-453-_jpg.rf.4a878662e11a2454ee10336333ae3e83.jpg, 1
treino-478-_jpg.rf.4edd55f144c189037a4e586e023f0f6e.jpg, 1
treino-120-_jpg.rf.49461f2e22fc593a11084170240354a8.jpg, 1
treino-290-_jpg.rf.5124ea16db41fd7845b6ac4d4fe33933.jpg, 1
treino-436-_jpg.rf.4bf23dcd05a181f773807963c1a972e9.jpg, 1
treino-222-_jpg.rf.4d5fe0ccf424359d4dcddc43e9cc2cc0.jpg, 1
treino-116-_jpg.rf.5408032d85bf9fce6eca37c8f7e61585.jpg, 1
treino-206-_jpg.rf.52c24ff65a2315eccec675447ea42b9a.jpg, 1
treino-441-_jpg.rf.504068d7256526ac1be055a0788ffb8e.jpg, 1
treino-122-_jpg.rf.4a7278f0db4df15ebf6c4356b3e6e0e3.jpg, 1
treino-265-_jpg.rf.52e01e63d70d08d12c80dddb5280a182.jpg, 1
treino-358-_jpg.rf.4b6ffd46d86341b7cf58ae82da95df2a.jpg, 1
treino-283-_jpg.rf.570d7815b39ae8c357e09d318a7af3ed.jpg, 1
treino-136-_jpg.rf.52ea327fa49789ed7404c21bdf2881c8.jpg, 1
treino-325-_jpg.rf.5543b283ec15d71a2263d612b200d1ac.jpg, 1
treino-365-_jpg.rf.53534c5dca2dd503e4f340f670c441b6.jpg, 1
treino-443-_jpg.rf.574ebcb78e014a38dd950ca3d55cdaa1.jpg, 1
treino-381-_jpg.rf.574f4aedd1cdeb2b6f110f725e278f27.jpg, 1
treino-201-_jpg.rf.5756bdfeec1962294991692d65f44619.jpg, 1
treino-249-_jpg.rf.543d6c6a1678634b76d67be5c9b5c71f.jpg, 1
treino-202-_jpg.rf.4c3f0d0e8529a0f18bf11590b8b45221.jpg, 1
treino-244-_jpg.rf.5431305aa1630a8b3a9e857585b318ed.jpg, 1
treino-133-_jpg.rf.5278cf7c5dee344685aaa56eb797c4ca.jpg, 1
treino-484-_jpg.rf.5a0b803f89b6bb3447863809b30e121e.jpg, 1
treino-444-_jpg.rf.52646460eb02423363204cd4014dcbd3.jpg, 1
treino-117-_jpg.rf.4b29cdf7113cf7542ba29516db44d1ba.jpg, 1
treino-419-_jpg.rf.5816df580b8f41769b9fae4098ffba5a.jpg, 1
treino-242-_jpg.rf.5a4234623b6de2cb01728da637ebb094.jpg, 1
treino-302-_jpg.rf.5d6d94aae9e07afb7769ea0d8c392f1c.jpg, 1
treino-211-_jpg.rf.5add26973ce9e43f9b993fa572a5f65d.jpg, 1
treino-163-_jpg.rf.5833470bab5244107483374553792b0a.jpg, 1
treino-425-_jpg.rf.5e1149f6ac409d39770f5429a68b2293.jpg, 1
treino-389-_jpg.rf.61f7f5ad23d16a540324a09b47101966.jpg, 1
treino-315-_jpg.rf.631cc229c41adeb97998aa29ab8cfcbb.jpg, 1
treino-251-_jpg.rf.5f911d34552de2368677c9be8616ef6e.jpg, 1
treino-457-_jpg.rf.606408a71996f8fbee06c27e669d61ac.jpg, 1
treino-375-_jpg.rf.6264dd1133015378359543ef0b8751e4.jpg, 1
treino-405-_jpg.rf.5dc4102d626bbe6638a622113edb2686.jpg, 1
treino-426-_jpg.rf.5a198ac7f16e27d9e08baad9e627acf1.jpg, 1
treino-310-_jpg.rf.5d59a5cc42a1c9dd04a371bce19a3913.jpg, 1
treino-255-_jpg.rf.5f42fd3940dcb6ff7fdb8ab26bfeb899.jpg, 1
treino-109-_jpg.rf.65ad9993128818e8299cfcd29b44c462.jpg, 1
treino-159-_jpg.rf.62195635096bdd8c88d21612ba893276.jpg, 1
treino-404-_jpg.rf.64342a1530d84939c5fcb7bbee175aa7.jpg, 1
treino-339-_jpg.rf.63f5f994c4607b77b4eedaeb1a76304d.jpg, 1
treino-114-_jpg.rf.63a17310c9f1357eec780436b91d2f44.jpg, 1
treino-469-_jpg.rf.5db4d3eda2276173863058173172f8b0.jpg, 1
treino-176-_jpg.rf.68ce7c139fb8e6b12872ac67e1b6dd01.jpg, 1
treino-284-_jpg.rf.6bb4f46d14975d0df8e11a0118ddb5f0.jpg, 1
treino-353-_jpg.rf.6835b8553ad0e3895f2f313ad4e825dd.jpg, 1
treino-266-_jpg.rf.6bf1bc731dfb085432030401bfac1338.jpg, 1
treino-104-_jpg.rf.6d048291e133adb36d169162a4577aaf.jpg, 1
treino-183-_jpg.rf.668d6ee263d54f5d588507fbd95f9485.jpg, 1
treino-195-_jpg.rf.6d088fb3080a5accd3f653160c56b44e.jpg, 1
treino-409-_jpg.rf.6dec35baac7a425e811bbd11425b67a5.jpg, 1
treino-324-_jpg.rf.69b95a71b8f54e257f9dc459cd3e32b0.jpg, 1
treino-228-_jpg.rf.67028abe312c8732c3991796fe42ff11.jpg, 1
treino-142-_jpg.rf.72222318f6204c5dc19d920cd25c4be2.jpg, 1
treino-126-_jpg.rf.6b3f26bd1149b9fe8cb57e5ca355d345.jpg, 1
treino-333-_jpg.rf.6a3e30ee5a81c8b17db856752c713cde.jpg, 1
treino-447-_jpg.rf.70d1bbe14fbf7d5fca17524a19c94044.jpg, 1
treino-429-_jpg.rf.6a2561036afc614a416deccbf1c1ad76.jpg, 1
treino-307-_jpg.rf.7736ef76098171299dfc3e971bd887e4.jpg, 1
treino-435-_jpg.rf.73c0118cac835e9096bb2ee7c62f0c16.jpg, 1
treino-387-_jpg.rf.7734559bc433cfa261b2f4e00b9a5736.jpg, 1
treino-247-_jpg.rf.6f9619689c6ef855b0689264fe56d1df.jpg, 1
treino-434-_jpg.rf.752507a6af1793a9e2ed9bc61388d75e.jpg, 1
treino-189-_jpg.rf.639a63e13c0805850d3f7315d02aa7d9.jpg, 1
treino-227-_jpg.rf.76fc6e3c3891c082b00396d71a4e8db6.jpg, 1
treino-272-_jpg.rf.78a249f27eeb88180b6908ddc8252bc4.jpg, 1
treino-346-_jpg.rf.75ccdfb71ad89a0dfa7e931245e75400.jpg, 1
treino-305-_jpg.rf.7ac6898daf3a89238f59025da38c14bd.jpg, 1
treino-485-_jpg.rf.7a510e0a9615d1731ae4650a6fea6361.jpg, 1
treino-190-_jpg.rf.74386600c26b7dff3bd2566fc899d107.jpg, 1
treino-154-_jpg.rf.7a72bf5c1cdf9e86b1d7f4cb65179ae0.jpg, 1
treino-231-_jpg.rf.7ce92f5558aefb6155a5cc2cf32b4b96.jpg, 1
treino-155-_jpg.rf.7d8a03f47a473f40d895a0a0b3ef24aa.jpg, 1
treino-239-_jpg.rf.7b73f34b85d385501e16a087c3ec9fb8.jpg, 1
treino-342-_jpg.rf.7dcae9e63a760e452e2e1960c5a58a19.jpg, 1
treino-442-_jpg.rf.7bbd208088ffbd9ea550f5489dc30af6.jpg, 1
treino-182-_jpg.rf.7207636a96d4c2e013932bba595c0cd8.jpg, 1
treino-261-_jpg.rf.7dcfaef457ef733f54aa055422c97a4c.jpg, 1
treino-336-_jpg.rf.7d1a84e9715e915083446e9137ae4922.jpg, 1
treino-148-_jpg.rf.7bfeaa5442b3941c78c24a87e6bbef24.jpg, 1
treino-246-_jpg.rf.80719b8fcc1eb7d17d13b918805fc1f0.jpg, 1
treino-482-_jpg.rf.81c369af23b3f96e71a3e40374f88d0f.jpg, 1
treino-297-_jpg.rf.802f184a909496f41101d8cb18bb2a01.jpg, 1
treino-335-_jpg.rf.7f89512c722bfa45c2bfa520fc925e4c.jpg, 1
treino-412-_jpg.rf.8107bb5b06c5a36dd0c88a246df5a8fa.jpg, 1
treino-177-_jpg.rf.797915b0eadafd414b46beb05ab625b3.jpg, 1
treino-276-_jpg.rf.82361625fc297bbbb8623235ab65ea6b.jpg, 1
treino-392-_jpg.rf.78c519bf06fb9dc99df340b9c38cbcb2.jpg, 1
treino-199-_jpg.rf.7ddcdd07fa380cfb36f39869b13df47e.jpg, 1
treino-135-_jpg.rf.81dcbfabe3fbc089ef091b87b262c831.jpg, 1
treino-267-_jpg.rf.85ced17f1c20080398ba7c2717f0916b.jpg, 1
treino-445-_jpg.rf.7dfd3f769db3e48230fbb74580d03ea8.jpg, 1
treino-439-_jpg.rf.8635b576c1bc5116eab5ff7514622a34.jpg, 1
treino-208-_jpg.rf.7db1adfa1d312c1047798f8e964fb835.jpg, 1
treino-172-_jpg.rf.7e079a57e73429782768695ca31c7154.jpg, 1
treino-367-_jpg.rf.87cb482c27bf0266bff68cd8e8ebc22b.jpg, 1
treino-462-_jpg.rf.856e68cb86e96fc4ecb120df08201bba.jpg, 1
treino-174-_jpg.rf.8e2866543a5491810eb4973935e32590.jpg, 1
treino-379-_jpg.rf.7e5c96cbe1fc1555fe5c058bf33a80d0.jpg, 1
treino-167-_jpg.rf.81772925053fec81db93953cd3a8e271.jpg, 1
treino-481-_jpg.rf.8558e3efb5d44c701311cc62178ac3d0.jpg, 1
treino-356-_jpg.rf.8cb6ec79eb62d95223fc359ad34f31c1.jpg, 1
treino-128-_jpg.rf.8bf7bcc90b9a716376a93df2f6c3c628.jpg, 1
treino-179-_jpg.rf.8778d78dec9d83eefd7d2d555142ac0d.jpg, 1
treino-323-_jpg.rf.9197207eb1c19fcf7f9f9058ccc1d8e2.jpg, 1
treino-483-_jpg.rf.923920439a6bdc596666d40c1d3cf9be.jpg, 1
treino-415-_jpg.rf.8dd050f2f3dbca4e6f71f2d31e5f5ebf.jpg, 1
treino-232-_jpg.rf.934574bc213e19fef590dea2474f04d4.jpg, 1
treino-198-_jpg.rf.8f793e25b2d30c7919a02e8d99c738d2.jpg, 1
treino-400-_jpg.rf.8f12980cccb97d4ec751c5a11ffe0702.jpg, 1
treino-452-_jpg.rf.8810b4e59a6c9f0dda750b03d2952679.jpg, 1
treino-472-_jpg.rf.8e9ce2883eb60ce8941c854bced00ecc.jpg, 1
treino-221-_jpg.rf.88e44b5cb610cc3724515c33f0d44d36.jpg, 1
treino-277-_jpg.rf.98180b9545121db8795a00563272a4ad.jpg, 1
treino-364-_jpg.rf.8f3bdd4a4e17102a17c0f578708d1133.jpg, 1
treino-131-_jpg.rf.92b1d6ca3db19b8c6ac3ea59bc072603.jpg, 1
treino-468-_jpg.rf.8f7d2d938a5ad49ed91fe981d8c9ceb4.jpg, 1
treino-293-_jpg.rf.9af71e7d44ec99788ef4faa86114cc26.jpg, 1
treino-158-_jpg.rf.9b2644d6a6339a992193d5d1c7a983da.jpg, 1
treino-295-_jpg.rf.96de7424d084c505c6917b788ad7c692.jpg, 1
treino-113-_jpg.rf.977ab755f20437f4d07af0c9fb365320.jpg, 1
treino-332-_jpg.rf.9bb6ff9178803fccc720ab80e07274c1.jpg, 1
treino-233-_jpg.rf.935c2ebeef67c02d677ed3472aefcf0f.jpg, 1
treino-192-_jpg.rf.9c833cf230d13c71475ac6fc66f9c33d.jpg, 1
treino-347-_jpg.rf.940d79deafa66c14e738a8b28ca2746c.jpg, 1
treino-274-_jpg.rf.9c24e4bbf915eef115f6824b01f94022.jpg, 1
treino-151-_jpg.rf.9b799c5e028c7cbdec2f78c8b255dcac.jpg, 1
treino-385-_jpg.rf.9b792aa2f4849ff94aba66eee9e7a587.jpg, 1
treino-197-_jpg.rf.9e23b672eba23666dca2f40ff0a6dec4.jpg, 1
treino-363-_jpg.rf.98f115c146325da8cea2ca78dbf411f9.jpg, 1
treino-493-_jpg.rf.9cc705c6f9f56e6e31f846b032ce23a7.jpg, 1
treino-149-_jpg.rf.9cc3e62d681ba5a1e8633c2200626d1f.jpg, 1
treino-479-_jpg.rf.8ce10b0eb18a86d56aaa66325d3bccb0.jpg, 1
treino-129-_jpg.rf.9cf536f8c7bf0e71004a01ff9e9a60eb.jpg, 1
treino-486-_jpg.rf.9e1598d6ba0f2d749cc517ac0f8e495b.jpg, 1
treino-278-_jpg.rf.a04a8509282473a8a1bc341904d94a90.jpg, 1
treino-349-_jpg.rf.96d93382f0205d6b7715177d5c144992.jpg, 1
treino-123-_jpg.rf.9fdec6518258ce381ae0eacb11a2d47b.jpg, 1